{
  "brisque": {
    "coef": -0.0064844979575917954,
    "intercept": 3.277596820150256
  },
  "niqe": {
    "coef": -0.1050697154699951,
    "intercept": 3.6023224170759005
  },
  "piqe": {
    "coef": 0.007130303335601139,
    "intercept": 2.895170277711618
  },
  "maniqa": {
    "coef": 3.7417352861784923,
    "intercept": 1.499453625967293
  },
  "hyperiqa": {
    "coef": 3.683759434872598,
    "intercept": 0.976314634245806
  }
}