{
  "brisque": {
    "coef": -0.007102739659710963,
    "intercept": 3.3215344292918347
  },
  "niqe": {
    "coef": -0.08078237581532997,
    "intercept": 3.526419340793577
  },
  "piqe": {
    "coef": 0.0057244672007123075,
    "intercept": 2.9729487898814937
  },
  "maniqa": {
    "coef": 3.7278732865516995,
    "intercept": 1.5043584596824677
  },
  "hyperiqa": {
    "coef": 3.7188330318331215,
    "intercept": 0.9640227544911832
  }
}