{
  "brisque": {
    "coef": -0.00585287978392568,
    "intercept": 3.3378499996463815
  },
  "niqe": {
    "coef": -0.009125222685055261,
    "intercept": 3.257489461327276
  },
  "piqe": {
    "coef": 0.003809883664513612,
    "intercept": 3.088967926813397
  },
  "maniqa": {
    "coef": 3.49357397949462,
    "intercept": 1.6164371495525227
  },
  "hyperiqa": {
    "coef": 3.6059573666686107,
    "intercept": 1.0205744923568552
  }
}